{"cameraMode":{"drawMode":0,"name":"Shaded","section":"Shading Mode"},"sceneLighting":false,"audioPlay":false,"sceneViewState":{"m_AlwaysRefresh":false,"showFog":true,"showSkybox":false,"showFlares":true,"showImageEffects":true,"showParticleSystems":true,"showVisualEffectGraphs":true,"m_FxEnabled":true},"in2DMode":false,"pivot":{"x":-0.08922597765922547,"y":1.4852852821350098,"z":10.017590522766114},"rotation":{"x":0.21746613085269929,"y":-0.1527114361524582,"z":0.03447010740637779,"w":0.9634316563606262},"size":0.7477300763130188,"orthographic":true}