{"cameraMode":{"drawMode":0,"name":"Shaded","section":"Shading Mode"},"sceneLighting":true,"audioPlay":false,"sceneViewState":{"m_AlwaysRefresh":false,"showFog":true,"showSkybox":true,"showFlares":true,"showImageEffects":true,"showParticleSystems":true,"showVisualEffectGraphs":true,"m_FxEnabled":true},"in2DMode":false,"pivot":{"x":-3.7722327709198,"y":1.0564961433410645,"z":-4.639769554138184},"rotation":{"x":0.26673054695129397,"y":-0.0028912995476275684,"z":0.0008002117392607033,"w":0.9637674689292908},"size":5.132225513458252,"orthographic":false}